title,release_year,genre,director,country,duration,imbd_rating,actors_names,votes
Avatar The Way of Water,2022,"Action, Adventure, Sci-Fi",James Cameron,USA,192,7.5,"Sam Worthington, Zoe Saldana, Sigourney Weaver","524,426"
Spider-Man No Way Home,2021,"Action, Adventure, Superhero",Jon Watts,USA,148,8.2,"Tom Holland, Zendaya, Benedict Cumberbatch","931,409"
Dune,2021,"Sci-Fi, Adventure",Denis Villeneuve,USA,155,8.0,"Timothée Chalamet, Rebecca Ferguson, Zendaya","940,670"
Encanto,2021,"Animation, Musical","Jared Bush, Byron Howard",USA,99,7.2,"Stephanie Beatriz, María Cecilia Botero, John Leguizamo","274,907"
Minari,2020,Drama,Lee Isaac Chung,USA,115,7.4,"Steven Yeun, Han Ye-ri, Alan Kim","101,764"
Promising Young Woman,2020,"Crime, Drama, Thriller",Emerald Fennell,"UK, USA",113,7.5,"Carey Mulligan, Bo Burnham, Alison Brie","219,893"
The Father,2020,Drama,Florian Zeller,"UK, France",97,8.2,"Anthony Hopkins, Olivia Colman, Mark Gatiss","208,445"
Another Round,2020,"Comedy, Drama",Thomas Vinterberg,Denmark,117,7.7,"Mads Mikkelsen, Thomas Bo Larsen, Magnus Millang","206,926"
Licorice Pizza,2021,"Comedy, Drama, Romance",Paul Thomas Anderson,USA,133,7.1,"Alana Haim, Cooper Hoffman, Sean Penn","145,428"
King Richard,2021,"Biography, Drama, Sport",Reinaldo Marcus Green,USA,144,7.5,"Will Smith, Aunjanue Ellis-Taylor, Jon Bernthal","143,398"
Nightmare Alley,2021,"Crime, Drama, Thriller",Guillermo del Toro,USA,150,7.0,"Bradley Cooper, Cate Blanchett, Toni Collette","172,427"
Nope,2022,"Horor, Mistery, Sci-Fi",Jordan Peele,USA,130,6.8,"Daniel Kaluuya, Keke Palmer, Brandon Perea","293,198"
Aftersun,2022,Drama,Charlotte Wells,UK,102,7.6,"Paul Mescal, Frankie Corio, Celia Rowlson-Hall","111,460"
Triangle of USAness,2022,"Comedy, Drama",Ruben Östlund,Sweden,147,,,
Decision to Leave,2022,"Crime, Drama, Mistery",Park Chan-wook,South Korea,138,7.3,"Park Hae-il, Tang Wei, Lee Jung-hyun","60,393"
The Banshees of Inisherin,2022,"Comedy, Drama",Martin McDonagh,Ireland,114,7.7,"Colin Farrell, Brendan Gleeson, Kerry Condon","271,880"
Black Panther,2018,"Action, Adventure, Sci-Fi",Ryan Coogler,USA,134,7.3,"Chadwick Boseman, Michael B. Jordan, Lupita Nyong'o","859,088"
47 Ronin,2013,"Action, Drama, Fantasy",Carl Rinsch,USA,128,6.2,"Keanu Reeves, Hiroyuki Sanada, Kô Shibasaki","174,123"
King Arthur Legend of the Sword,2017,"Action, Adventure, Drama",Guy Ritchie,USA,126,6.7,"Charlie Hunnam, Astrid Bergès-Frisbey, Jude Law","238,518"
The Promise,2016,"Drama, History",Terry George,USA,133,6.1,"Oscar Isaac, Charlotte Le Bon, Christian Bale","179,058"
Inception,2010,"Action, Adventure, Sci-Fi",Christopher Nolan,USA,148,8.8,"Leonardo DiCaprio, Joseph Gordon-Levitt, Elliot Page","2,658,716"
The Grand Budapest Hotel,2014,"Adventure, Comedy, Crime",Wes Anderson,USA,99,8.1,"Ralph Fiennes, F. Murray Abraham, Mathieu Amalric","915,710"
Mad Max Fury Road,2015,"Action, Adventure, Sci-Fi",George Miller,Australia,120,8.1,"Tom Hardy, Charlize Theron, Nicholas Hoult","1,151,388"
La La Land,2016,"Comedy, Drama, Music",Damien Chazelle,USA,128,8.0,"Ryan Gosling, Emma Stone, Rosemarie DeWitt","707,453"
Get Out,2017,"Horror, Mystery, Thriller",Jordan Peele,USA,104,7.8,"Daniel Kaluuya, Allison Williams, Bradley Whitford","740,263"
Parasite,2019,"Comedy, Drama, Thriller",Bong Joon Ho,South Korea,132,8.5,"Song Kang-ho, Lee Sun-kyun, Cho Yeo-jeong","1,019,758"
The Shape of Water,2017,"Drama, Fantasy, Romance",Guillermo del Toro,USA,123,7.3,"Sally Hawkins, Octavia Spencer, Michael Shannon","455,357"
The King's Speech,2010,"Biography, Drama, History",Tom Hooper,UK,118,8.0,"Colin Firth, Geoffrey Rush, Helena Bonham Carter","717,579"
Drive,2011,"Action, Crime, Drama",Nicolas Winding Refn,USA,100,7.8,"Ryan Gosling, Carey Mulligan, Bryan Cranston","728,348"
The Intouchables,2011,"Biography, Comedy, Drama","Olivier Nakache, Éric Toledano",France,112,8.5,"François Cluzet, Omar Sy, Anne Le Ny","963,528"
Life of Pi,2012,"Adventure, Drama, Fantasy",Ang Lee,USA,127,7.9,"Suraj Sharma, Irrfan Khan, Adil Hussain","679,650"
The Artist,2011,"Comedy, Drama, Romance",Michel Hazanavicius,France,100,7.8,"Jean Dujardin, Bérénice Bejo, John Goodman","250,999"
Birdman,2014,"Comedy, Drama",Alejandro González Iñárritu,USA,119,5.1,Caroline Christl Long,174
The Martian,2015,"Adventure, Drama, Sci-Fi",Ridley Scott,USA,144,8.0,"Matt Damon, Jessica Chastain, Kristen Wiig","956,193"
Inside Out,2015,"Animation, Adventure, Comedy","Pete Docter, Ronnie del Carmen",USA,95,8.1,"Amy Poehler, Bill Hader, Lewis Black","853,260"
The Imitation Game,2014,"Biography, Drama, Thriller",Morten Tyldum,UK,113,8.0,"Benedict Cumberbatch, Keira Knightley, Matthew Goode","842,688"
Slumdog Millionaire,2008,"Drama, Romance",Danny Boyle,UK,120,8.0,"Dev Patel, Freida Pinto, Saurabh Shukla","890,142"
The Help,2011,Drama,Tate Taylor,USA,146,8.1,"Viola Davis, Emma Stone, Octavia Spencer","505,832"
Silver Linings Playbook,2012,"Comedy, Drama, Romance",David O. Russell,USA,122,7.7,"Bradley Cooper, Jennifer Lawrence, Robert De Niro","754,207"
Dallas Buyers Club,2013,"Biography, Drama",Jean-Marc Vallée,USA,117,7.9,"Matthew McConaughey, Jennifer Garner, Jared Leto","532,298"
The Theory of Everything,2014,"Biography, Drama, Romance",James Marsh,UK,123,7.7,"Eddie Redmayne, Felicity Jones, Tom Prior","491,328"
Bridge of Spies,2015,"Drama, History, Thriller",Steven Spielberg,USA,142,7.6,"Tom Hanks, Mark Rylance, Alan Alda","333,718"
Hereditary,2018,"Drama, Horror, Mystery",Ari Aster,USA,127,7.3,"Toni Collette, Milly Shapiro, Gabriel Byrne","404,062"
Blade Runner 2049,2017,"Action, Drama, Sci-Fi",Denis Villeneuve,USA,164,8.0,"Harrison Ford, Ryan Gosling, Ana de Armas","695,699"
The Favourite,2018,"Biography, Comedy, Drama",Yorgos Lanthimos,UK,119,7.5,"Olivia Colman, Emma Stone, Rachel Weisz","244,564"
"Three Billboards Outside Ebbing, Missouri",2017,"Comedy, Crime, Drama",Martin McDonagh,USA,115,8.1,"Frances McDormand, Woody Harrelson, Sam Rockwell","574,280"
The Adventures of Rocky & Bullwinkle,2000,"Animation, Adventure, Comedy",Des McAnuff,USA,92,4.3,"Robert De Niro, Rene Russo, Piper Perabo","21,486"
Cutthroat Island,1995,"Action, Adventure, Comedy",Renny Harlin,USA,124,5.7,"Geena Davis, Matthew Modine, Frank Langella","31,478"
Memento,2000,"Mystery, Thriller",Christopher Nolan,USA,113,8.4,"Guy Pearce, Carrie-Anne Moss, Joe Pantoliano","1,359,987"
Amélie,2001,"Comedy, Romance",Jean-Pierre Jeunet,France,122,8.3,"Audrey Tautou, Mathieu Kassovitz, Rufus","810,995"
City of God,2002,"Crime, Drama","Fernando Meirelles, Kátia Lund",Brazil,130,8.6,"Alexandre Rodrigues, Leandro Firmino, Matheus Nachtergaele","827,831"
Lost in Translation,2003,"Comedy, Drama",Sofia Coppola,USA,102,7.7,"Bill Murray, Scarlett Johansson, Giovanni Ribisi","507,784"
Eternal Sunshine of the Spotless Mind,2004,"Drama, Romance, Sci-Fi",Michel Gondry,USA,108,8.3,"Jim Carrey, Kate Winslet, Tom Wilkinson","1,121,026"
Pan's Labyrinth,2006,"Drama, Fantasy, War",Guillermo del Toro,Mexico,118,8.2,"Ivana Baquero, Ariadna Gil, Sergi López","717,176"
No Country for Old Men,2007,"Crime, Drama, Thriller","Ethan Coen, Joel Coen",USA,122,8.2,"Tommy Lee Jones, Javier Bardem, Josh Brolin","1,096,759"
District 9,2009,"Action, Sci-Fi, Thriller",Neill Blomkamp,South Africa,112,7.9,"Sharlto Copley, David James, Jason Cope","730,967"
Gladiator,2000,"Action, Adventure, Drama",Ridley Scott,USA,155,8.5,"Russell Crowe, Joaquin Phoenix, Connie Nielsen","1,728,425"
Requiem for a Dream,2000,Drama,Darren Aronofsky,USA,102,8.3,"Ellen Burstyn, Jared Leto, Jennifer Connelly","931,632"
Donnie Darko,2001,"Drama, Mystery, Sci-Fi",Richard Kelly,USA,113,8.0,"Jake Gyllenhaal, Jena Malone, Mary McDonnell","873,557"
The Pianist,2002,"Biography, Drama, Music",Roman Polanski,France,150,8.5,"Adrien Brody, Thomas Kretschmann, Frank Finlay","951,213"
Oldboy,2003,"Action, Drama, Mystery",Park Chan-wook,South Korea,120,8.3,"Choi Min-sik, Yoo Ji-tae, Kang Hye-jeong","665,427"
Shaun of the Dead,2004,"Comedy, Horror",Edgar Wright,UK,99,7.9,"Simon Pegg, Nick Frost, Kate Ashfield","615,526"
Sin City,2005,"Crime, Thriller","Frank Miller, Robert Rodriguez, Quentin Tarantino",USA,124,8.0,"Mickey Rourke, Clive Owen, Bruce Willis","801,781"
Children of Men,2006,"Action, Drama, Sci-Fi",Alfonso Cuarón,UK,109,7.9,"Julianne Moore, Clive Owen, Chiwetel Ejiofor","542,742"
Into the Wild,2007,"Adventure, Biography, Drama",Sean Penn,USA,148,8.1,"Emile Hirsch, Vince Vaughn, Catherine Keener","673,771"
The Hurt Locker,2008,"Drama, Thriller, War",Kathryn Bigelow,USA,131,7.5,"Jeremy Renner, Anthony Mackie, Brian Geraghty","481,794"
The Departed,2006,"Crime, Drama, Thriller",Martin Scorsese,USA,151,8.5,"Leonardo DiCaprio, Matt Damon, Jack Nicholson","1,475,168"
The Prestige,2006,"Drama, Mystery, Sci-Fi",Christopher Nolan,USA,130,8.5,"Christian Bale, Hugh Jackman, Scarlett Johansson","1,493,848"
The Lives of Others,2006,"Drama, Thriller",Florian Henckel von Donnersmarck,Germany,137,8.4,"Ulrich Mühe, Martina Gedeck, Sebastian Koch","422,808"
Little Miss Sunshine,2006,"Comedy, Drama","Jonathan Dayton, Valerie Faris",USA,101,7.8,"Steve Carell, Toni Collette, Greg Kinnear","529,633"
Up,2009,"Animation, Adventure, Comedy","Pete Docter, Bob Peterson",USA,96,8.3,"Edward Asner, Jordan Nagai, John Ratzenberger","1,166,741"
The Orphanage,2007,"Drama, Horor, Misterija",J.A. Bayona,Spain,105,7.4,"Belén Rueda, Fernando Cayo, Roger Príncep","166,711"
The Descent,2005,"Adventure, Horor, Thriller",Neil Marshall,UK,99,7.2,"Shauna Macdonald, Natalie Mendoza, Alex Reid","256,425"
In Bruges,2008,"Komedija, Krimi, Drama",Martin McDonagh,UK,107,7.9,"Colin Farrell, Brendan Gleeson, Ciarán Hinds","472,338"
The Fall,2006,"Adventure, Drama, Fantasy",Tarsem Singh,USA,117,7.8,"Lee Pace, Catinca Untaru, Justine Waddell","120,591"
Titanic,1997,"Drama, Romance",James Cameron,USA,195,7.9,"Leonardo DiCaprio, Kate Winslet, Billy Zane","1,322,762"
Jurassic Park,1993,"Action, Adventure, Sci-Fi",Steven Spielberg,USA,127,8.2,"Sam Neill, Laura Dern, Jeff Goldblum","1,104,676"
Star Wars Episode I - The Phantom Menace,1999,"Action, Adventure, Fantasy",George Lucas,USA,136,6.5,"Ewan McGregor, Liam Neeson, Natalie Portman","880,286"
Independence Day,1996,"Action, Adventure, Sci-Fi",Roland Emmerich,USA,145,7.0,"Will Smith, Bill Pullman, Jeff Goldblum","620,895"
The Sixth Sense,1999,"Drama, Mystery, Thriller",M. Night Shyamalan,USA,107,8.2,"Bruce Willis, Haley Joel Osment, Toni Collette","1,087,404"
Armageddon,1998,"Action, Adventure, Sci-Fi",Michael Bay,USA,151,6.7,"Bruce Willis, Billy Bob Thornton, Ben Affleck","461,958"
Men in Black,1997,"Action, Adventure, Comedy",Barry Sonnenfeld,USA,98,7.3,"Tommy Lee Jones, Will Smith, Linda Fiorentino","634,436"
Forrest Gump,1994,"Drama, Romance",Robert Zemeckis,USA,142,8.8,"Tom Hanks, Robin Wright, Gary Sinise","2,342,884"
The 13th Warrior,1999,"Action, Adventure, History",John McTiernan,USA,102,6.6,"Antonio Banderas, Diane Venora, Dennis Storhøi","135,295"
Hudson Hawk,1991,"Action, Adventure, Comedy",Michael Lehmann,USA,100,5.7,"Bruce Willis, Danny Aiello, Andie MacDowell","61,334"
Waterworld,1995,"Action, Adventure, Sci-Fi",Kevin Reynolds,USA,135,6.3,"Kevin Costner, Jeanne Tripplehorn, Dennis Hopper","216,183"
The Postman,1997,"Action, Adventure, Drama",Kevin Costner,USA,177,6.1,"Kevin Costner, Will Patton, Larenz Tate","80,700"
Showgirls,1995,Drama,Paul Verhoeven,USA,128,5.1,"Elizabeth Berkley, Kyle MacLachlan, Gina Gershon","77,357"
The Scarlet Letter,1995,"Drama, Romance",Roland Joffé,USA,135,5.3,"Demi Moore, Gary Oldman, Robert Duvall","16,679"
Town & Country,2001,"Comedy, Romance",Peter Chelsom,USA,104,4.5,"Warren Beatty, Diane Keaton, Nastassja Kinski","5,347"
The Matrix,1999,"Action, Sci-Fi","Lana Wachowski, Lilly Wachowski",USA,136,8.7,"Keanu Reeves, Laurence Fishburne, Carrie-Anne Moss","2,124,695"
Schindler's List,1993,"Biography, Drama, History",Steven Spielberg,USA,195,9.0,"Liam Neeson, Ralph Fiennes, Ben Kingsley","1,501,081"
Goodfellas,1990,"Biography, Crime, Drama",Martin Scorsese,USA,146,8.7,"Robert De Niro, Ray Liotta, Joe Pesci","1,307,085"
Fight Club,1999,Drama,David Fincher,USA,139,8.8,"Brad Pitt, Edward Norton, Meat Loaf","2,409,361"
The Silence of the Lambs,1991,"Crime, Drama, Thriller",Jonathan Demme,USA,118,8.6,"Jodie Foster, Anthony Hopkins, Scott Glenn","1,607,965"
Pulp Fiction,1994,"Crime, Drama",Quentin Tarantino,USA,154,8.9,"John Travolta, Uma Thurman, Samuel L. Jackson","2,289,917"
Saving Private Ryan,1998,"Drama, War",Steven Spielberg,USA,169,8.6,"Tom Hanks, Matt Damon, Tom Sizemore","1,547,314"
Braveheart,1995,"Biography, Drama, History",Mel Gibson,USA,178,8.3,"Mel Gibson, Sophie Marceau, Patrick McGoohan","1,116,147"
Se7en,1995,"Crime, Drama, Mystery",David Fincher,USA,127,8.6,"Morgan Freeman, Brad Pitt, Kevin Spacey","1,872,142"
Terminator 2 Judgment Day,1991,"Action, Sci-Fi",James Cameron,USA,137,8.6,"Arnold Schwarzenegger, Linda Hamilton, Edward Furlong","1,221,807"
"Lock, Stock and Two Smoking Barrels",1998,"Action, Comedy, Crime",Guy Ritchie,UK,107,8.1,"Jason Flemyng, Dexter Fletcher, Nick Moran","630,827"
Snatch,2000,"Comedy, Crime",Guy Ritchie,UK,104,8.2,"Jason Statham, Brad Pitt, Stephen Graham","937,204"
The Big Lebowski,1998,"Comedy, Crime","Joel Coen, Ethan Coen",USA,117,8.1,"Jeff Bridges, John Goodman, Julianne Moore","882,309"
The Usual Suspects,1995,"Crime, Mystery, Thriller",Bryan Singer,USA,106,8.5,"Kevin Spacey, Gabriel Byrne, Chazz Palminteri","1,174,072"
L.A. Confidential,1997,"Crime, Drama, Mystery",Curtis Hanson,USA,138,8.2,"Kevin Spacey, Russell Crowe, Guy Pearce","636,155"
The Shawshank Redemption,1994,Drama,Frank Darabont,USA,142,9.3,"Tim Robbins, Morgan Freeman, Bob Gunton","3,015,278"
Citizen Kane,1941,"Drama, Mystery",Orson Welles,USA,119,8.3,"Orson Welles, Joseph Cotten, Dorothy Comingore","477,223"
Casablanca,1942,"Drama, Romance, War",Michael Curtiz,USA,102,8.5,"Humphrey Bogart, Ingrid Bergman, Paul Henreid","625,036"
12 Angry Men,1957,Drama,Sidney Lumet,USA,96,9.0,"Henry Fonda, Lee J. Cobb, Martin Balsam","911,567"
Psycho,1960,"Horror, Mystery, Thriller",Alfred Hitchcock,USA,109,8.5,"Anthony Perkins, Janet Leigh, Vera Miles","741,743"
The Godfather,1972,"Crime, Drama",Francis Ford Coppola,USA,175,9.2,"Marlon Brando, Al Pacino, James Caan","2,090,520"
Star Wars,1977,"Action, Adventure, Fantasy",George Lucas,USA,121,8.6,"Mark Hamill, Harrison Ford, Carrie Fisher","1,493,579"
E.T. the Extra-Terrestrial,1982,"Family, Sci-Fi",Steven Spielberg,USA,115,7.9,"Henry Thomas, Drew Barrymore, Peter Coyote","449,151"
The Lord of the Rings The Fellowship of the Ring,2001,"Adventure, Drama, Fantasy",Peter Jackson,New Zealand,178,8.9,"Elijah Wood, Ian McKellen, Orlando Bloom","2,082,432"
Drive My Car,2021,Drama,Ryûsuke Hamaguchi,Japan,179,7.5,"Hidetoshi Nishijima, Tôko Miura, Reika Kirishima","71,528"
Spencer,2021,"Biography, Drama",Pablo Larraín,UK,117,6.5,"Kristen Stewart, Timothy Spall, Sally Hawkins","78,946"
Life Is Beautiful,1997,Comedy-Drama,Roberto Benigni,Italy,116,8.6,"Roberto Benigni, Nicoletta Braschi, Giorgio Cantarini","768,010"
Cinema Paradiso,1988,Drama,Giuseppe Tornatore,Italy,155,8.5,"Philippe Noiret, Enzo Cannavale, Antonella Attili","296,860"
Blue Is the Warmest Color,2013,Romantic Drama,Abdellatif Kechiche,France,180,,,
Run Lola Run,1998,Thriller,Tom Tykwer,Germany,80,7.6,"Franka Potente, Moritz Bleibtreu, Herbert Knaup","212,261"
Dogtooth,2009,Drama,Yorgos Lanthimos,Greece,94,7.1,"Christos Stergioglou, Michele Valley, Angeliki Papoulia","115,606"
Melancholia,2011,"Drama, Sci-Fi",Lars von Trier,Denmark,135,7.1,"Kirsten Dunst, Charlotte Gainsbourg, Kiefer Sutherland","200,706"
Underground,1995,Comedy-Drama,Emir Kusturica,Serbia,170,8.0,"Predrag 'Miki' Manojlovic, Lazar Ristovski, Mirjana Jokovic","62,306"
The Great Beauty,2013,Drama,Paolo Sorrentino,Italy,141,7.7,"Toni Servillo, Carlo Verdone, Sabrina Ferilli","100,081"
Ida,2013,Drama,Pawe? Pawlikowski,Poland,82,7.4,"Agata Kulesza, Agata Trzebuchowska, Dawid Ogrodnik","61,665"
Son of Saul,2015,Drama,László Nemes,Hungary,107,7.4,"Géza Röhrig, Levente Molnár, Urs Rechn","52,784"
Cold War,2018,Romantic Drama,Pawe? Pawlikowski,Poland,89,7.5,"Joanna Kulig, Tomasz Kot, Borys Szyc","62,948"
Portrait of a Lady on Fire,2019,Romantic Drama,Céline Sciamma,France,122,8.1,"Noémie Merlant, Adèle Haenel, Luàna Bajrami","115,413"
The Piano,1993,"Drama, Romance",Jane Campion,New Zealand,121,7.5,"Holly Hunter, Harvey Keitel, Sam Neill","97,153"
Europa Europa,1990,"Drama, War",Agnieszka Holland,Poland,112,7.5,"Solomon Perel, Marco Hofschneider, René Hofschneider","17,726"
The White Ribbon,2009,"Drama, Mystery",Michael Haneke,Germany,144,7.8,"Christian Friedel, Ernst Jacobi, Leonie Benesch","79,018"
Antichrist,2009,"Horror, Drama",Lars von Trier,Denmark,108,6.5,"Willem Dafoe, Charlotte Gainsbourg, Storm Acheche Sahlstrøm","139,930"
The Hunt,2012,"Drama, Thriller",Thomas Vinterberg,Denmark,115,8.3,"Mads Mikkelsen, Thomas Bo Larsen, Annika Wedderkopp","380,978"
The Lobster,2015,"Drama, Romance",Yorgos Lanthimos,Greece,119,7.1,"Colin Farrell, Rachel Weisz, Jessica Barden","314,165"
Happy as Lazzaro,2018,"Drama, Fantasy",Alice Rohrwacher,Italy,125,7.5,"Adriano Tardiolo, Agnese Graziani, Alba Rohrwacher","21,651"
Toni Erdmann,2016,"Comedy, Drama",Maren Ade,Germany,162,7.3,"Sandra Hüller, Peter Simonischek, Michael Wittenborn","52,959"
I Am Love,2009,"Drama, Romance",Luca Guadagnino,Italy,120,7.0,"Tilda Swinton, Flavio Parenti, Edoardo Gabbriellini","24,683"
Wild Tales,2014,"Comedy, Drama",Damián Szifron,Argentina,122,8.1,"Darío Grandinetti, María Marull, Mónica Villa","225,049"
Volver,2006,"Comedy, Drama",Pedro Almodóvar,Spain,121,7.6,"Penélope Cruz, Carmen Maura, Lola Dueñas","109,472"
All About My Mother,1999,Drama,Pedro Almodóvar,Spain,101,7.8,"Cecilia Roth, Marisa Paredes, Candela Peña","104,920"
Talk to Her,2002,"Drama, Romance",Pedro Almodóvar,Spain,112,7.9,"Rosario Flores, Javier Cámara, Darío Grandinetti","119,250"
Pain and Glory,2019,Drama,Pedro Almodóvar,Spain,113,7.5,"Antonio Banderas, Asier Etxeandia, Leonardo Sbaraglia","64,268"
Biutiful,2010,Drama,Alejandro G. Iñárritu,Mexico,148,7.4,"Javier Bardem, Maricel Álvarez, Hanaa Bouchaib","95,629"
No Man’s Land,2001,"Drama, War",Danis Tanović,Bosnia,98,7.9,"Branko Djuric, Rene Bitorajac, Filip Sovagovic","49,335"
La Haine,1995,Crime Drama,Mathieu Kassovitz,France,98,8.1,"Vincent Cassel, Hubert Koundé, Saïd Taghmaoui","207,472"
Elle,2016,Thriller,Paul Verhoeven,France,130,7.1,"Isabelle Huppert, Laurent Lafitte, Anne Consigny","72,575"
Goodbye Lenin!,2003,"Comedy, Drama",Wolfgang Becker,Germany,121,,,
The Class,2008,Drama,Laurent Cantet,France,128,7.5,"François Bégaudeau, Agame Malembo-Emene, Angélica Sancio","36,785"
Vicky Cristina Barcelona,2008,"Comedy, Drama",Woody Allen,Spain,96,7.1,"Rebecca Hall, Scarlett Johansson, Javier Bardem","273,389"
Midnight in Paris,2011,"Comedy, Romance",Woody Allen,France,94,7.6,"Owen Wilson, Rachel McAdams, Kathy Bates","455,930"
The Illusionist,2010,"Animation, Drama",Sylvain Chomet,France,80,7.4,"Jean-Claude Donda, Eilidh Rankin, Duncan MacNeil","36,923"
Persepolis,2007,"Animation, Drama","Marjane Satrapi, Vincent Paronnaud",France,96,8.0,"Chiara Mastroianni, Catherine Deneuve, Gena Rowlands","102,143"
The Red Turtle,2016,"Animation, Fantasy",Michaël Dudok de Wit,France,80,7.5,"Emmanuel Garijo, Tom Hudson, Baptiste Goy","39,811"
Wings of Desire,1987,"Drama, Fantasy",Wim Wenders,Germany,128,7.9,"Bruno Ganz, Solveig Dommartin, Otto Sander","80,038"
Breathless,1960,"Drama, Romance",Jean-Luc Godard,France,90,7.7,"Jean-Paul Belmondo, Jean Seberg, Van Doude","89,949"
The 400 Blows,1959,Drama,François Truffaut,France,99,8.0,"Jean-Pierre Léaud, Albert Rémy, Claire Maurier","130,340"
Jules and Jim,1962,"Drama, Romance",François Truffaut,France,105,7.7,"Jeanne Moreau, Oskar Werner, Henri Serre","45,246"
The Conformist,1970,"Drama, Thriller",Bernardo Bertolucci,Italy,113,7.9,"Jean-Louis Trintignant, Stefania Sandrelli, Gastone Moschin","34,656"
La Dolce Vita,1960,"Comedy, Drama",Federico Fellini,Italy,174,8.0,"Marcello Mastroianni, Anita Ekberg, Anouk Aimée","79,809"
The Seventh Seal,1957,"Drama, Fantasy",Ingmar Bergman,Sweden,96,8.1,"Max von Sydow, Gunnar Björnstrand, Bengt Ekerot","205,984"
Persona,1966,Drama,Ingmar Bergman,Sweden,83,8.0,"Bibi Andersson, Liv Ullmann, Margaretha Krook","134,310"
Scenes from a Marriage,1973,Drama,Ingmar Bergman,Sweden,167,8.5,"Liv Ullmann, Erland Josephson, Bibi Andersson","17,421"
Fanny and Alexander,1982,Drama,Ingmar Bergman,Sweden,188,8.1,"Bertil Guve, Pernilla Allwin, Kristina Adolphson","68,952"
The Double Life of Veronique,1991,"Drama, Fantasy",Krzysztof Kieślowski,France,98,7.6,"Irène Jacob, Wladyslaw Kowalski, Halina Gryglaszewska","54,511"
Three Colors Red,1994,"Drama, Mystery",Krzysztof Kieślowski,France,99,8.1,"Irène Jacob, Jean-Louis Trintignant, Frédérique Feder","112,875"
Three Colors Blue,1993,"Drama, Music",Krzysztof Kieślowski,France,98,7.8,"Juliette Binoche, Zbigniew Zamachowski, Julie Delpy","113,958"
Three Colors White,1994,"Comedy, Drama",Krzysztof Kieślowski,France,92,7.6,"Zbigniew Zamachowski, Julie Delpy, Janusz Gajos","81,830"
Bicycle Thieves,1948,Drama,Vittorio De Sica,Italy,89,8.3,"Lamberto Maggiorani, Enzo Staiola, Lianella Carell","182,401"
The Leopard,1963,"Drama, History",Luchino Visconti,Italy,185,7.9,"Burt Lancaster, Alain Delon, Claudia Cardinale","30,794"
"Yesterday, Today and Tomorrow",1963,"Comedy, Romance",Vittorio De Sica,Italy,119,7.2,"Sophia Loren, Marcello Mastroianni, Aldo Giuffrè","10,383"
Andrei Rublev,1966,"Biography, Drama",Andrei Tarkovsky,Russia,205,8.0,"Anatoliy Solonitsyn, Ivan Lapikov, Nikolay Grinko","58,379"
Solaris,1972,"Drama, Sci-Fi",Andrei Tarkovsky,Russia,167,7.9,"Natalya Bondarchuk, Donatas Banionis, Jüri Järvet","100,991"
Stalker,1979,"Drama, Sci-Fi",Andrei Tarkovsky,Russia,163,8.0,"Alisa Freyndlikh, Aleksandr Kaydanovskiy, Anatoliy Solonitsyn","149,801"
The Girl with the Dragon Tattoo,2009,"Crime, Drama, Mystery",Niels Arden Oplev,Sweden,152,7.8,"Michael Nyqvist, Noomi Rapace, Ewa Fröling","226,242"
Good Bye Lenin!,2003,"Comedy, Drama",Wolfgang Becker,Germany,121,7.7,"Daniel Brühl, Katrin Sass, Chulpan Khamatova","155,170"
A Very Long Engagement,2004,"Drama, Mystery, Romance",Jean-Pierre Jeunet,France,133,7.6,"Audrey Tautou, Gaspard Ulliel, Jodie Foster","76,493"
The Chorus,2004,"Drama, Music",Christophe Barratier,France,97,7.8,"Gérard Jugnot, François Berléand, Jean-Baptiste Maunier","68,923"
Force Majeure,2014,"Comedy, Drama",Ruben Östlund,Sweden,120,7.2,"Johannes Kuhnke, Lisa Loven Kongsli, Clara Wettergren","69,765"
A Royal Affair,2012,"Biography, Drama, History",Nikolaj Arcel,Denmark,137,7.5,"Alicia Vikander, Mads Mikkelsen, Mikkel Boe Følsgaard","52,088"
Pelle the Conqueror,1987,Drama,Bille August,Denmark,157,7.7,"Pelle Hvenegaard, Max von Sydow, Erik Paaske","12,059"
The Celebration,1998,Drama,Thomas Vinterberg,Denmark,105,8.0,"Ulrich Thomsen, Henning Moritzen, Thomas Bo Larsen","95,318"
The Umbrellas of Cherbourg,1964,"Drama, Musical",Jacques Demy,France,91,7.8,"Catherine Deneuve, Nino Castelnuovo, Anne Vernon","32,696"
Belle de Jour,1967,Drama,Luis Buñuel,France,100,7.6,"Catherine Deneuve, Jean Sorel, Michel Piccoli","50,570"
The Discreet Charm of the Bourgeoisie,1972,"Comedy, Drama",Luis Buñuel,France,102,7.8,"Fernando Rey, Delphine Seyrig, Paul Frankeur","47,825"
The Battle of Algiers,1966,"Drama, War",Gillo Pontecorvo,Italy,121,8.1,"Brahim Hadjadj, Jean Martin, Yacef Saadi","69,287"
L'Avventura,1960,"Drama, Mystery",Michelangelo Antonioni,Italy,143,7.7,"Gabriele Ferzetti, Monica Vitti, Lea Massari","34,571"
The Spirit of the Beehive,1973,Drama,Víctor Erice,Spain,98,7.8,"Fernando Fernán Gómez, Teresa Gimpera, Ana Torrent","21,262"
The Exterminating Angel,1962,"Drama, Fantasy",Luis Buñuel,Mexico,95,8.0,"Silvia Pinal, Jacqueline Andere, Enrique Rambal","36,516"
The Cranes Are Flying,1957,"Drama, Romance",Mikhail Kalatozov,Russia,97,8.3,"Tatyana Samoylova, Aleksey Batalov, Vasiliy Merkurev","20,490"
The Ascent,1977,"Drama, War",Larisa Shepitko,Russia,111,8.2,"Boris Plotnikov, Vladimir Gostyukhin, Sergey Yakovlev","10,773"
The Firemen's Ball,1967,"Comedy, Drama",Miloš Forman,Czechoslovakia,71,7.4,"Jan Vostrcil, Josef Sebánek, Josef Valnoha","12,566"
Closely Watched Trains,1966,"Comedy, Drama",Jiří Menzel,Czechoslovakia,93,7.6,"Václav Neckár, Josef Somr, Vlastimil Brodský","14,157"
Daisies,1966,"Comedy, Drama",Věra Chytilová,Czechoslovakia,74,7.3,"Ivana Karbanová, Jitka Cerhová, Marie Cesková","16,026"
Marketa Lazarová,1967,"Drama, History",František Vláčil,Czechoslovakia,162,7.9,"Josef Kemr, Magda Vásáryová, Nada Hejna","6,287"
Ashes and Diamonds,1958,"Drama, War",Andrzej Wajda,Poland,103,7.7,"Zbigniew Cybulski, Ewa Krzyzewska, Waclaw Zastrzezynski","13,887"
Man of Marble,1977,Drama,Andrzej Wajda,Poland,165,7.7,"Krystyna Janda, Jerzy Radziwilowicz, Tadeusz Lomnicki","4,908"
Man of Iron,1981,Drama,Andrzej Wajda,Poland,153,7.3,"Jerzy Radziwilowicz, Krystyna Janda, Marian Opania","3,862"
The Saragossa Manuscript,1965,"Adventure, Drama",Wojciech Has,Poland,182,7.8,"Zbigniew Cybulski, Iga Cembrzynska, Elzbieta Czyzewska","6,042"
Knife in the Water,1962,"Drama, Thriller",Roman Polanski,Poland,94,7.4,"Leon Niemczyk, Jolanta Umecka, Zygmunt Malanowicz","24,190"
Ivan's Childhood,1962,"Drama, War",Andrei Tarkovsky,Russia,95,8.0,"Nikolay Burlyaev, Valentin Zubkov, Evgeniy Zharikov","41,167"
The Mirror,1975,"Biography, Drama",Andrei Tarkovsky,Russia,107,,,
The Color of Pomegranates,1969,"Biography, Drama",Sergei Parajanov,USSR,79,7.6,"Sofiko Chiaureli, Melkon Alekyan, Vilen Galstyan","14,428"
Come and See,1985,"Drama, War",Elem Klimov,USSR,142,8.4,"Aleksey Kravchenko, Olga Mironova, Liubomiras Laucevicius","103,344"
Battleship Potemkin,1925,"Drama, History",Sergei Eisenstein,USSR,75,7.9,"Aleksandr Antonov, Vladimir Barskiy, Grigoriy Aleksandrov","62,849"
Man with a Movie Camera,1929,"Documentary, Avant-Garde",Dziga Vertov,USSR,68,8.3,"Mikhail Kaufman, Elizaveta Svilova","28,738"
The Phantom of Liberty,1974,"Comedy, Drama",Luis Buñuel,France,104,7.8,"Jean-Claude Brialy, Adolfo Celi, Michel Piccoli","17,502"
Viridiana,1961,Drama,Luis Buñuel,Spain,90,8.0,"Silvia Pinal, Francisco Rabal, Fernando Rey","26,759"
Z,1969,"Crime, Drama",Costa-Gavras,France,127,8.1,"Yves Montand, Irene Papas, Jean-Louis Trintignant","32,277"
The Wages of Fear,1953,"Adventure, Drama",Henri-Georges Clouzot,France,131,8.1,"Yves Montand, Charles Vanel, Peter van Eyck","69,086"
Diabolique,1955,"Crime, Drama",Henri-Georges Clouzot,France,114,8.1,"Simone Signoret, Véra Clouzot, Paul Meurisse","71,134"
La Grande Illusion,1937,"Drama, War",Jean Renoir,France,114,,,
The Rules of the Game,1939,"Comedy, Drama",Jean Renoir,France,110,7.9,"Marcel Dalio, Nora Gregor, Paulette Dubost","31,917"
The Man Who Fell to Earth,1976,"Sci-Fi, Drama",Nicolas Roeg,UK,139,6.6,"David Bowie, Rip Torn, Candy Clark","29,492"
The Wicker Man,1973,"Horror, Mystery",Robin Hardy,UK,88,7.5,"Edward Woodward, Christopher Lee, Diane Cilento","97,737"
Don't Look Now,1973,"Drama, Horror",Nicolas Roeg,UK,110,7.1,"Julie Christie, Donald Sutherland, Hilary Mason","65,411"
The Killing of a Sacred Deer,2017,"Drama, Mystery",Yorgos Lanthimos,UK,121,7.0,"Barry G. Bernson, Herb Caillouet, Bill Camp","198,244"
Colette,2018,"Biography, Drama",Wash Westmoreland,UK,111,6.7,"Keira Knightley, Fiona Shaw, Dominic West","27,007"
Before Sunrise,1995,"Drama, Romance",Richard Linklater,Austria,101,8.1,"Ethan Hawke, Julie Delpy, Andrea Eckert","351,243"
Before Sunset,2004,"Drama, Romance",Richard Linklater,Austria,80,8.1,"Ethan Hawke, Julie Delpy, Vernon Dobtcheff","297,233"
Before Midnight,2013,"Drama, Romance",Richard Linklater,Greece,109,7.9,"Ethan Hawke, Julie Delpy, Seamus Davey-Fitzpatrick","176,761"
Corpus Christi,2019,Drama,Jan Komasa,Poland,115,7.7,"Bartosz Bielenia, Aleksandra Konieczna, Eliza Rycembel","22,669"
The Shop on Main Street,1965,"Drama, War","Ján Kadár, Elmar Klos",Czechoslovakia,128,8.2,"Ida Kaminska, Jozef Kroner, Frantisek Zvarík","10,017"
The Handmaiden,2016,"Drama, Mystery",Park Chan-wook,South Korea,144,8.1,"Kim Min-hee, Ha Jung-woo, Cho Jin-woong","183,902"
Memories of Murder,2003,"Crime, Thriller",Bong Joon-ho,South Korea,132,8.1,"Song Kang-ho, Kim Sang-kyung, Kim Roe-ha","231,023"
Mother,2009,"Drama, Mystery",Bong Joon-ho,South Korea,129,7.7,"Kim Hye-ja, Won Bin, Jin Goo","74,806"
The Wailing,2016,"Drama, Horror",Na Hong-jin,South Korea,156,7.4,"Jun Kunimura, Hwang Jung-min, Kwak Do-won","87,382"
Train to Busan,2016,"Action, Horror",Yeon Sang-ho,South Korea,118,7.6,"Gong Yoo, Jung Yu-mi, Ma Dong-seok","279,876"
I Saw the Devil,2010,"Action, Thriller",Kim Jee-woon,South Korea,144,7.8,"Lee Byung-hun, Choi Min-sik, Jeon Gook-hwan","154,286"
Burning,2018,"Drama, Mystery",Lee Chang-dong,South Korea,148,7.4,"Yoo Ah-in, Steven Yeun, Jeon Jong-seo","79,717"
Snowpiercer,2013,"Action, Drama",Bong Joon-ho,South Korea,126,7.1,"Chris Evans, Jamie Bell, Tilda Swinton","402,872"
The Chaser,2008,"Action, Thriller",Na Hong-jin,South Korea,125,7.8,"Kim Yoon-seok, Ha Jung-woo, Seo Young-hee","75,684"
A Tale of Two Sisters,2003,"Drama, Horror",Kim Jee-woon,South Korea,114,7.1,"Lim Soo-jung, Yum Jung-ah, Kim Kap-su","70,481"
Poetry,2010,Drama,Lee Chang-dong,South Korea,139,7.8,"Yun Jeong-hie, Lee Da-wit, Kim Hee-ra","13,889"
Extreme Job,2019,"Comedy, Action",Lee Byeong-heon,South Korea,111,7.1,"Ryu Seung-ryong, Lee Hanee, Jin Seon-kyu","13,794"
Hope,2013,Drama,Lee Joon-ik,South Korea,123,8.2,"Lee Re, Sul Kyung-gu, Uhm Ji-won","10,383"
Masquerade,2012,"Drama, History",Choo Chang-min,South Korea,131,7.8,"Lee Byung-hun, Ryu Seung-ryong, Han Hyo-joo","7,621"
The Fortress,2017,"Drama, History",Hwang Dong-hyuk,South Korea,140,6.8,"Lee Byung-hun, Kim Yoon-seok, Park Hae-il","3,574"
Swing Kids,2018,"Drama, Music",Kang Hyeong-cheol,South Korea,133,7.5,"A.J. Simmons, Kim Min-jae, Oh Jung-se","2,926"
The Battle Roar to Victory,2019,"Action, Drama",Won Shin-yun,South Korea,134,6.4,"Yoo Hae-jin, Ryu Jun-yeol, Jo Woo-jin",964
The Age of Shadows,2016,"Action, Drama",Kim Jee-woon,South Korea,140,7.1,"Lee Byung-hun, Gong Yoo, Heo Sung-tae","11,408"
Forgotten,2017,"Mystery, Thriller",Jang Hang-jun,South Korea,108,7.4,"Kang Ha-neul, Yeon Je Hyung, Kim Mu-yeol","49,746"
Midnight Runners,2017,"Action, Comedy",Kim Joo-hwan,South Korea,109,7.3,"Park Seo-joon, Kang Ha-neul, Park Ha-seon","10,471"
1987 When the Day Comes,2017,"Drama, History",Jang Joon-hwan,South Korea,129,7.8,"Kim Tae-ri, Gang Dong-won, Jo Woo-jin","7,223"
New World,2013,"Crime, Drama",Park Hoon-jung,South Korea,135,7.5,"Lee Jung-jae, Choi Min-sik, Hwang Jung-min","27,319"
The Villainess,2017,"Action, Crime",Jung Byung-gil,South Korea,129,6.6,"Kim Ok-bin, Shin Ha-kyun, Sung Jun","17,601"
Tunnel,2016,"Drama, Thriller",Kim Seong-hun,South Korea,126,6.8,"Ha Jung-woo, Bae Doona, Oh Dal-su","11,128"
A Bittersweet Life,2005,"Action, Drama",Kim Jee-woon,South Korea,120,7.5,"Lee Byung-hun, Shin Min-a, Kim Yeong-cheol","43,822"
Hwayi A Monster Boy,2013,"Action, Thriller",Jang Joon-hwan,South Korea,126,7.0,"Kim Yoon-seok, Yeo Jin-goo, Cho Jin-woong","5,646"
The Merciless,2017,"Action, Crime",Byun Sung-hyun,South Korea,117,6.7,"Sul Kyung-gu, Yim Si-wan, Lee Kyoung-young","3,326"
The Divine Fury,2019,"Action, Horror",Kim Joo-hwan,South Korea,129,6.3,"Park Seo-joon, Ahn Sung-ki, Woo Do-Hwan","4,613"
Eungyo,2012,Drama,Jung Ji-woo,South Korea,129,,,
The Admiral Roaring Currents,2014,"Action, War",Kim Han-min,South Korea,126,7.1,"Choi Min-sik, Ryu Seung-ryong, Cho Jin-woong","13,484"
Ode to My Father,2014,Drama,Yoon Je-kyoon,South Korea,126,7.8,"Hwang Jung-min, Yunjin Kim, Oh Dal-su","6,414"
Veteran,2015,"Action, Crime",Ryoo Seung-wan,South Korea,123,7.0,"Hwang Jung-min, Yoo Ah-in, Yoo Hae-jin","8,425"
The Inbetweeners Movie,2011,Comedy,Ben Palmer,UK,97,,,
Four Weddings and a Funeral,1994,"Comedy, Drama",Mike Newell,UK,117,7.1,"Hugh Grant, Andie MacDowell, James Fleet","170,071"
The Best Exotic Marigold Hotel,2011,"Comedy, Drama",John Madden,UK,124,7.2,"Judi Dench, Bill Nighy, Maggie Smith","100,971"
The Iron Lady,2011,"Biography, Drama",Phyllida Lloyd,UK,105,6.4,"Meryl Streep, Jim Broadbent, Richard E. Grant","114,725"
The Woman in Black,2012,"Drama, Horror",James Watkins,UK,95,6.4,"Daniel Radcliffe, Janet McTeer, Ciarán Hinds","195,484"
The Fifth Element,1997,"Sci-Fi, Action",Luc Besson,France,126,7.6,"Bruce Willis, Milla Jovovich, Gary Oldman","519,201"
Taken 2,2012,"Action, Thriller",Olivier Megaton,France,92,6.2,"Liam Neeson, Famke Janssen, Maggie Grace","328,740"
Lucy,2014,"Sci-Fi, Action",Luc Besson,France,89,6.4,"Scarlett Johansson, Morgan Freeman, Choi Min-sik","551,032"
Asterix & Obelix Mission Cleopatra,2002,"Adventure, Comedy",Alain Chabat,France,107,6.7,"Gérard Depardieu, Christian Clavier, Jamel Debbouze","59,492"
The Professional,1981,"Action, Thriller",Georges Lautner,France,108,7.4,"Jean-Paul Belmondo, Jean Desailly, Cyrielle Clair","17,868"
The Transporter,2002,"Action, Crime","Louis Leterrier, Corey Yuen",France,92,6.8,"Jason Statham, Shu Qi, Matt Schulze","327,802"
Quo Vado?,2016,Comedy,Gennaro Nunziante,Italy,86,6.6,"Checco Zalone, Eleonora Giovanardi, Sonia Bergamasco","13,131"
Sole a catinelle,2013,Comedy,Gennaro Nunziante,Italy,90,6.3,"Checco Zalone, Aurore Erguy, Miriam Dalmazio","7,134"
Che bella giornata,2011,Comedy,Gennaro Nunziante,Italy,97,,,
La vita è bella,1997,"Comedy, Drama",Roberto Benigni,Italy,116,,,
Tolo Tolo,2020,Comedy,Checco Zalone,Italy,90,5.7,"Checco Zalone, Souleymane Sylla, Romeo Landry Magrini","4,335"
Benvenuti al Sud,2010,Comedy,Luca Miniero,Italy,102,,,
Benvenuti al Nord,2012,Comedy,Luca Miniero,Italy,110,,,
Perfetti sconosciuti,2016,"Comedy, Drama",Paolo Genovese,Italy,97,,,
Il ciclone,1996,Comedy,Leonardo Pieraccioni,Italy,95,,,
La grande bellezza,2013,Drama,Paolo Sorrentino,Italy,141,,,
Stalingrad,2013,War Drama,Fedor Bondarchuk,Russia,131,5.7,"Mariya Smolnikova, Yanina Studilina, Pyotr Fyodorov","17,947"
T-34,2018,War Drama,Alexey Sidorov,Russia,139,6.8,"Alexander Petrov, Irina Starshenbaum, Viktor Dobronravov","15,116"
Posledniy Bogatyr,2017,"Fantasy, Comedy",Dmitriy Dyachenko,Russia,114,,,
Gorko!,2013,Comedy,Zhora Kryzhovnikov,Russia,100,5.6,"Evgeniya Agenorova, Yuliya Aleksandrova, Dmitriy Burenkov","3,184"
Viking,2016,Historical Drama,Andrey Kravchuk,Russia,133,4.6,"Danila Kozlovsky, Svetlana Khodchenkova, Maksim Sukhanov","5,186"
"Good Bye, Lenin!",2003,"Comedy, Drama",Wolfgang Becker,Germany,121,7.7,"Daniel Brühl, Katrin Sass, Chulpan Khamatova","155,170"
Metropolis,1927,"Sci-Fi, Drama",Fritz Lang,Germany,153,8.3,"Brigitte Helm, Alfred Abel, Gustav Fröhlich","190,808"
The Cabinet of Dr. Caligari,1920,"Horror, Mystery",Robert Wiene,Germany,71,8.0,"Werner Krauss, Conrad Veidt, Friedrich Feher","72,166"
M,1931,"Crime, Thriller",Fritz Lang,Germany,117,8.3,"Peter Lorre, Ellen Widmann, Inge Landgut","174,567"
The Bridge,1959,"War, Drama",Bernhard Wicki,Germany,103,8.0,"Volker Bohnet, Fritz Wepper, Michael Hinz","8,859"
"Aguirre, The Wrath of God",1972,"Adventure, Drama",Werner Herzog,Germany,95,7.8,"Klaus Kinski, Ruy Guerra, Helena Rojo","64,435"
The Marriage of Maria Braun,1979,Drama,Rainer Werner Fassbinder,Germany,120,7.7,"Hanna Schygulla, Klaus Löwitsch, Ivan Desny","15,307"
Das Boot,1981,"War, Drama",Wolfgang Petersen,Germany,149,8.4,"Jürgen Prochnow, Herbert Grönemeyer, Klaus Wennemann","273,687"
The Baader Meinhof Complex,2008,"Drama, History",Uli Edel,Germany,150,7.3,"Martina Gedeck, Moritz Bleibtreu, Johanna Wokalek","40,508"
The Wave,2008,"Drama, Thriller",Dennis Gansel,Germany,107,7.6,"Jürgen Vogel, Frederick Lau, Max Riemelt","117,353"
Victoria,2015,"Crime, Drama",Sebastian Schipper,Germany,138,7.6,"Laia Costa, Frederick Lau, Franz Rogowski","64,303"
Oh Boy,2012,"Comedy, Drama",Jan-Ole Gerster,Germany,83,,,
Phoenix,2014,"Drama, Mystery",Christian Petzold,Germany,98,7.3,"Nina Hoss, Ronald Zehrfeld, Nina Kunzendorf","21,036"
Barbara,2012,"Drama, History",Christian Petzold,Germany,105,7.2,"Nina Hoss, Ronald Zehrfeld, Rainer Bock","16,411"
The Edukators,2004,"Drama, Crime",Hans Weingartner,Germany,127,7.4,"Daniel Brühl, Julia Jentsch, Stipe Erceg","32,621"
Downfall,2004,"Drama, History",Oliver Hirschbiegel,Germany,156,8.2,"Bruno Ganz, Alexandra Maria Lara, Ulrich Matthes","383,325"
